Alteration Count,Repetition,Alteration Type,Node Similarity,Structural Similarity,Behavioral Similarity,Precision,Recall,F1-Score,Compliance Degree,Compliance Maturity
1,1,remove_activity,0.0,0.5345493093318772,0.5973523314076857,0.9285714285714286,0.8125,0.8666666666666666,1.0,0.8
1,2,remove_activity,0.0,0.5345493093318772,0.5973523314076857,0.9285714285714286,0.8125,0.8666666666666666,1.0,0.8
1,3,remove_activity,0.13333333333333333,0.517137153438082,0.9537244245518984,0.9285714285714286,0.8125,0.8666666666666666,0.9,0.9
1,4,remove_activity,0.0,0.8181818181818182,0.902554398573787,0.9285714285714286,0.8125,0.8666666666666666,1.0,0.8
1,5,remove_activity,0.0,1.0,0.8893207247933265,0.8571428571428571,0.75,0.7999999999999999,1.0,1.0
